{
    "features": 20.69369149208069,
    "process_features_model_5": 21.372355461120605,
    "predict_and_compile_model_5": 47.44319176673889,
    "relax_model_5": 13.088708877563477
}