{
    "features": 20.849576473236084,
    "process_features_model_5": 21.543376922607422,
    "predict_and_compile_model_5": 47.48403000831604,
    "relax_model_5": 15.192283868789673
}