{
    "features": 20.724486112594604,
    "process_features_model_5": 21.41197919845581,
    "predict_and_compile_model_5": 47.3970890045166,
    "relax_model_5": 14.591684818267822
}