{
    "features": 20.910095691680908,
    "process_features_model_5": 21.5990469455719,
    "predict_and_compile_model_5": 47.45662808418274,
    "relax_model_5": 13.622002363204956
}