{
    "features": 21.384064197540283,
    "process_features_model_5": 23.02557635307312,
    "predict_and_compile_model_5": 83.35611844062805,
    "relax_model_5": 18.783148288726807
}