{
    "features": 20.691517114639282,
    "process_features_model_5": 21.3642098903656,
    "predict_and_compile_model_5": 47.443217277526855,
    "relax_model_5": 14.407432079315186
}