{
    "features": 20.701266050338745,
    "process_features_model_5": 21.37562894821167,
    "predict_and_compile_model_5": 47.45815086364746,
    "relax_model_5": 14.663606405258179
}