{
    "features": 20.740021228790283,
    "process_features_model_5": 21.41610860824585,
    "predict_and_compile_model_5": 47.35984706878662,
    "relax_model_5": 16.300862073898315
}