{
    "features": 20.71240472793579,
    "process_features_model_5": 21.382685899734497,
    "predict_and_compile_model_5": 47.44256782531738,
    "relax_model_5": 13.685152769088745
}