{
    "features": 20.681195497512817,
    "process_features_model_5": 21.358429431915283,
    "predict_and_compile_model_5": 47.465883016586304,
    "relax_model_5": 19.07300329208374
}